,TimeCodeID,DayCode,DayNum,StartTime,EndTime,DurationMins
0,1,T,2,08:00:00,09:15:00,75
1,2,F,5,08:00:00,09:15:00,75
2,3,T,2,09:30:00,10:45:00,75
3,4,F,5,09:30:00,10:45:00,75
4,5,T,2,12:30:00,13:45:00,75
5,6,F,5,12:30:00,13:45:00,75
6,7,R,4,11:00:00,12:15:00,75
7,8,M,1,11:00:00,12:15:00,75
8,9,R,4,12:30:00,13:45:00,75
9,10,M,1,12:30:00,13:45:00,75
10,11,R,4,15:30:00,16:45:00,75
11,12,M,1,15:30:00,16:45:00,75
12,13,R,4,09:30:00,10:45:00,75
13,14,M,1,09:30:00,10:45:00,75
14,15,T,2,11:00:00,12:15:00,75
15,16,F,5,11:00:00,12:15:00,75
16,17,T,2,14:00:00,15:15:00,75
17,18,F,5,14:00:00,15:15:00,75
18,19,T,2,15:30:00,16:45:00,75
19,20,F,5,15:30:00,16:45:00,75
20,21,W,3,17:00:00,18:15:00,75
21,22,M,1,17:00:00,18:15:00,75
22,23,T,2,17:00:00,18:15:00,75
23,24,R,4,17:00:00,18:15:00,75
24,25,M,1,18:30:00,21:00:00,150
25,26,T,2,18:30:00,21:00:00,150
26,27,R,4,14:00:00,15:15:00,75
27,28,M,1,14:00:00,15:15:00,75
28,29,W,3,18:30:00,21:00:00,150
29,30,W,3,11:00:00,13:30:00,150
30,31,T,2,18:30:00,21:30:00,180
31,32,S,6,08:30:00,16:30:00,480
32,33,W,3,10:50:00,13:50:00,180
33,34,R,4,10:50:00,13:50:00,180
34,35,T,2,10:50:00,13:50:00,180
35,36,S,6,10:00:00,13:00:00,180
36,37,T,2,15:20:00,18:20:00,180
37,38,W,3,15:20:00,18:20:00,180
38,39,T,2,17:00:00,19:30:00,150
39,40,W,3,17:00:00,19:30:00,150
40,41,M,1,17:00:00,19:30:00,150
41,42,T,2,18:30:00,19:45:00,75
42,43,R,4,18:30:00,19:45:00,75
43,44,W,3,14:00:00,16:30:00,150
44,45,R,4,18:30:00,21:00:00,150
45,46,R,4,08:00:00,09:15:00,75
46,47,M,1,08:00:00,09:15:00,75
47,48,W,3,15:00:00,16:45:00,105
48,49,M,1,15:00:00,16:45:00,105
49,50,W,3,17:00:00,18:45:00,105
50,51,M,1,17:00:00,18:45:00,105
51,52,W,3,13:00:00,14:00:00,60
52,53,R,4,12:30:00,13:20:00,50
53,54,M,1,12:30:00,13:20:00,50
54,55,W,3,12:00:00,12:50:00,50
55,56,T,2,12:30:00,13:20:00,50
56,57,F,5,12:30:00,13:20:00,50
57,58,W,3,13:00:00,13:50:00,50
58,59,T,2,11:00:00,11:50:00,50
59,60,W,3,11:00:00,11:50:00,50
60,61,F,5,11:00:00,11:50:00,50
61,62,M,1,13:00:00,15:50:00,170
62,63,W,3,08:30:00,11:20:00,170
63,64,W,3,12:30:00,15:20:00,170
64,65,W,3,17:30:00,20:20:00,170
65,66,R,4,13:00:00,15:50:00,170
66,67,F,5,10:00:00,12:50:00,170
67,68,R,4,17:30:00,20:20:00,170
68,69,M,1,14:00:00,16:50:00,170
69,70,T,2,14:00:00,16:50:00,170
70,71,R,4,14:00:00,16:50:00,170
71,72,W,3,14:00:00,16:50:00,170
72,73,T,2,15:00:00,15:50:00,50
73,74,T,2,16:00:00,16:50:00,50
74,75,T,2,17:00:00,17:50:00,50
75,76,T,2,18:00:00,18:50:00,50
76,77,W,3,15:00:00,15:30:00,30
77,78,W,3,16:00:00,16:50:00,50
78,79,W,3,17:00:00,17:50:00,50
79,80,W,3,18:00:00,18:50:00,50
80,81,R,4,15:00:00,15:50:00,50
81,82,R,4,16:00:00,16:50:00,50
82,83,R,4,17:00:00,17:50:00,50
83,84,R,4,18:00:00,18:50:00,50
84,85,R,4,09:30:00,12:20:00,170
85,86,R,4,17:00:00,19:30:00,150
86,87,T,2,18:00:00,21:00:00,180
87,88,F,5,09:00:00,16:00:00,420
88,89,S,6,09:00:00,16:00:00,420
89,90,F,5,09:00:00,17:00:00,480
90,91,W,3,18:00:00,21:30:00,210
91,92,T,2,18:00:00,21:30:00,210
92,93,R,4,18:00:00,21:30:00,210
93,94,M,1,18:00:00,21:30:00,210
94,95,S,6,09:00:00,17:00:00,480
95,96,M,1,09:30:00,11:20:00,110
96,97,T,2,09:30:00,11:20:00,110
97,98,W,3,09:30:00,11:20:00,110
98,99,R,4,09:30:00,11:20:00,110
99,100,W,3,18:00:00,21:00:00,180
100,101,T,2,08:30:00,09:20:00,50
101,102,M,1,09:30:00,10:20:00,50
102,103,T,2,09:30:00,10:20:00,50
103,104,F,5,09:30:00,10:20:00,50
104,105,W,3,09:00:00,09:50:00,50
105,106,W,3,08:00:00,08:50:00,50
106,107,W,3,10:00:00,10:50:00,50
107,108,M,1,12:30:00,15:20:00,170
108,109,M,1,17:00:00,19:50:00,170
109,110,T,2,12:30:00,15:20:00,170
110,111,T,2,17:00:00,19:50:00,170
111,112,W,3,13:00:00,15:50:00,170
112,113,W,3,17:00:00,19:50:00,170
113,114,R,4,12:30:00,15:20:00,170
114,115,R,4,17:00:00,19:50:00,170
115,116,F,5,09:00:00,11:50:00,170
116,117,F,5,12:30:00,15:20:00,170
117,118,M,1,12:30:00,16:30:00,240
118,119,T,2,12:30:00,16:30:00,240
119,120,W,3,13:00:00,17:00:00,240
120,121,R,4,12:30:00,16:30:00,240
121,122,R,4,17:00:00,20:50:00,230
122,123,F,5,12:30:00,16:30:00,240
123,124,R,4,12:30:00,15:50:00,200
124,125,M,1,12:30:00,15:50:00,200
125,126,W,3,14:00:00,14:50:00,50
126,127,R,4,14:00:00,14:50:00,50
127,128,M,1,14:00:00,14:50:00,50
128,129,R,4,15:30:00,16:20:00,50
129,130,M,1,15:30:00,16:20:00,50
130,131,R,4,19:00:00,21:30:00,150
131,132,W,3,08:30:00,13:00:00,270
132,133,M,1,16:55:00,18:55:00,120
133,134,T,2,16:55:00,18:55:00,120
134,135,R,4,16:55:00,18:55:00,120
135,136,R,4,18:15:00,20:15:00,120
136,137,W,3,19:15:00,21:15:00,120
137,138,T,2,19:15:00,21:15:00,120
138,139,W,3,16:00:00,20:00:00,240
139,140,W,3,17:00:00,20:00:00,180
140,141,M,1,19:15:00,21:15:00,120
141,142,W,3,18:45:00,21:30:00,165
142,143,F,5,17:00:00,18:15:00,75
143,144,R,4,09:30:00,10:20:00,50
144,145,W,3,08:00:00,10:30:00,150
145,146,T,2,16:30:00,19:00:00,150
146,147,R,4,16:30:00,19:00:00,150
147,148,T,2,16:00:00,16:45:00,45
148,149,W,3,16:55:00,18:55:00,120
149,150,R,4,19:15:00,21:15:00,120
150,151,S,6,08:30:00,12:30:00,240
151,152,R,4,17:00:00,20:30:00,210
152,153,R,4,18:30:00,20:30:00,120
153,154,U,0,13:00:00,15:30:00,150
154,155,T,2,18:30:00,20:30:00,120
155,156,F,5,18:30:00,20:30:00,120
156,157,M,1,15:30:00,17:00:00,90
157,158,M,1,19:00:00,21:30:00,150
158,159,T,2,19:00:00,21:30:00,150
159,160,U,0,16:30:00,17:30:00,60
160,161,R,4,14:00:00,16:30:00,150
161,162,M,1,14:00:00,17:00:00,180
162,163,T,2,17:00:00,20:30:00,210
163,164,W,3,14:00:00,17:00:00,180
164,165,T,2,17:00:00,20:00:00,180
165,166,T,2,11:00:00,13:30:00,150
166,167,T,2,14:00:00,16:30:00,150
167,168,M,1,14:00:00,16:30:00,150
168,169,W,3,19:00:00,21:30:00,150
169,170,R,4,11:00:00,13:30:00,150
170,171,T,2,11:00:00,12:16:00,76
171,172,F,5,11:00:00,12:16:00,76
172,173,M,1,17:00:00,20:00:00,180
173,174,F,5,18:30:00,21:30:00,180
174,175,M,1,18:30:00,21:30:00,180
175,176,R,4,18:30:00,21:30:00,180
176,177,W,3,18:30:00,21:30:00,180
177,178,M,1,11:00:00,11:50:00,50
178,179,M,1,13:00:00,13:50:00,50
179,180,W,3,09:30:00,11:30:00,120
180,181,F,5,10:00:00,12:00:00,120
181,182,R,4,15:30:00,17:30:00,120
182,183,T,2,10:00:00,10:50:00,50
183,184,W,3,15:00:00,15:50:00,50
184,185,T,2,13:00:00,13:50:00,50
185,186,R,4,11:00:00,11:50:00,50
186,187,T,2,14:00:00,14:50:00,50
187,188,R,4,13:00:00,13:50:00,50
188,189,T,2,08:00:00,08:50:00,50
189,190,F,5,08:00:00,08:50:00,50
190,191,F,5,14:00:00,14:50:00,50
191,192,T,2,18:00:00,20:30:00,150
192,193,R,4,15:30:00,17:10:00,100
193,194,M,1,15:30:00,17:10:00,100
194,195,F,5,18:30:00,21:00:00,150
195,196,R,4,08:00:00,08:50:00,50
196,197,M,1,08:00:00,08:50:00,50
197,198,T,2,15:30:00,16:20:00,50
198,199,F,5,15:30:00,16:20:00,50
199,200,M,1,10:00:00,12:00:00,120
200,201,F,5,08:00:00,16:30:00,510
201,202,S,6,08:00:00,16:30:00,510
202,203,W,3,18:30:00,19:45:00,75
203,204,M,1,18:30:00,19:45:00,75
204,205,T,2,12:30:00,14:30:00,120
205,206,T,2,15:00:00,17:00:00,120
206,207,M,1,15:30:00,17:30:00,120
207,208,M,1,18:30:00,20:30:00,120
208,209,W,3,16:30:00,19:00:00,150
209,210,M,1,19:30:00,21:00:00,90
210,211,T,2,17:00:00,18:30:00,90
211,212,T,2,17:30:00,20:00:00,150
212,213,T,2,07:00:00,14:00:00,420
213,214,F,5,07:00:00,14:00:00,420
214,215,T,2,15:16:00,17:00:00,104
215,216,F,5,15:16:00,17:00:00,104
216,217,T,2,08:00:00,15:00:00,420
217,218,F,5,08:00:00,15:00:00,420
218,219,W,3,08:00:00,15:00:00,420
219,220,M,1,08:00:00,15:00:00,420
220,221,R,4,08:00:00,15:00:00,420
221,222,T,2,09:45:00,12:45:00,180
222,223,F,5,09:45:00,12:45:00,180
223,224,W,3,07:00:00,14:00:00,420
224,225,M,1,07:00:00,14:00:00,420
225,226,R,4,07:00:00,14:00:00,420
226,227,W,3,15:30:00,16:45:00,75
227,228,W,3,08:00:00,09:50:00,110
228,229,M,1,08:00:00,09:50:00,110
229,230,T,2,08:00:00,09:50:00,110
230,231,R,4,08:00:00,09:50:00,110
231,232,W,3,10:00:00,11:50:00,110
232,233,M,1,10:00:00,11:50:00,110
233,234,T,2,10:00:00,11:50:00,110
234,235,R,4,10:00:00,11:50:00,110
235,236,R,4,18:00:00,19:50:00,110
236,237,M,1,18:00:00,19:50:00,110
237,238,M,1,12:30:00,19:30:00,420
238,239,W,3,12:30:00,19:30:00,420
239,240,W,3,13:00:00,20:00:00,420
240,241,M,1,13:00:00,20:00:00,420
241,242,T,2,07:00:00,13:00:00,360
242,243,W,3,07:00:00,13:00:00,360
243,244,F,5,07:00:00,13:00:00,360
244,245,T,2,13:00:00,20:00:00,420
245,246,W,3,17:30:00,20:00:00,150
246,247,W,3,08:00:00,16:30:00,510
247,248,W,3,17:00:00,21:00:00,240
248,249,W,3,17:00:00,18:00:00,60
249,250,R,4,18:00:00,19:30:00,90
250,251,W,3,18:01:00,19:00:00,59
251,252,W,3,12:30:00,15:00:00,150
252,253,T,2,17:01:00,19:30:00,149
253,254,M,1,19:40:00,20:40:00,60
254,255,W,3,17:00:00,18:40:00,100
255,256,W,3,18:50:00,19:50:00,60
256,257,R,4,15:30:00,16:30:00,60
257,258,R,4,16:31:00,17:30:00,59
258,259,T,2,11:00:00,12:10:00,70
259,260,F,5,11:00:00,12:10:00,70
260,261,R,4,09:30:00,10:40:00,70
261,262,M,1,09:30:00,10:40:00,70
262,263,T,2,12:30:00,13:40:00,70
263,264,F,5,12:30:00,13:40:00,70
264,265,R,4,12:30:00,13:40:00,70
265,266,M,1,12:30:00,13:40:00,70
266,267,R,4,18:16:00,20:45:00,149
267,268,F,5,15:15:00,17:45:00,150
268,269,W,3,18:00:00,20:30:00,150
269,270,W,3,16:30:00,17:30:00,60
270,271,S,6,09:00:00,13:00:00,240
271,272,T,2,15:30:00,17:29:00,119
272,273,T,2,17:30:00,19:29:00,119
273,274,W,3,11:30:00,13:29:00,119
274,275,W,3,14:00:00,15:59:00,119
275,276,T,2,14:00:00,15:40:00,100
276,277,F,5,14:00:00,15:40:00,100
277,278,T,2,09:00:00,10:40:00,100
278,279,F,5,09:00:00,10:40:00,100
279,280,T,2,09:30:00,12:15:00,165
280,281,F,5,09:30:00,12:15:00,165
281,282,R,4,17:00:00,20:45:00,225
282,283,R,4,17:00:00,20:00:00,180
283,284,R,4,14:00:00,16:00:00,120
284,285,F,5,14:00:00,16:30:00,150
285,286,W,3,16:30:00,17:20:00,50
286,287,R,4,16:30:00,17:20:00,50
287,288,M,1,16:30:00,17:20:00,50
288,289,W,3,17:30:00,18:20:00,50
289,290,R,4,17:30:00,18:20:00,50
290,291,M,1,17:30:00,18:20:00,50
291,292,M,1,16:00:00,16:50:00,50
292,293,M,1,17:00:00,17:50:00,50
293,294,F,5,17:00:00,17:50:00,50
294,295,M,1,19:15:00,21:30:00,135
295,296,M,1,11:00:00,13:30:00,150
296,297,W,3,10:00:00,12:30:00,150
297,298,F,5,10:00:00,12:30:00,150
298,299,M,1,10:50:00,13:50:00,180
299,300,R,4,15:20:00,18:20:00,180
300,301,F,5,17:00:00,20:00:00,180
301,302,M,1,10:00:00,18:00:00,480
302,303,T,2,10:00:00,18:00:00,480
303,304,W,3,10:00:00,18:00:00,480
304,305,R,4,10:00:00,18:00:00,480
305,306,F,5,10:00:00,18:00:00,480
306,307,M,1,08:30:00,16:30:00,480
307,308,T,2,08:30:00,16:30:00,480
308,309,W,3,08:30:00,16:30:00,480
309,310,R,4,08:30:00,16:30:00,480
310,311,F,5,08:30:00,16:30:00,480
311,312,F,5,08:00:00,10:30:00,150
312,313,F,5,17:30:00,20:30:00,180
313,314,T,2,17:30:00,20:30:00,180
314,315,R,4,14:00:00,17:00:00,180
315,316,T,2,08:30:00,17:00:00,510
316,317,F,5,08:00:00,11:00:00,180
317,318,T,2,08:00:00,11:00:00,180
318,319,F,5,14:00:00,17:00:00,180
319,320,T,2,14:00:00,17:00:00,180
320,321,M,1,17:45:00,19:45:00,120
321,322,T,2,17:45:00,19:45:00,120
322,323,R,4,19:00:00,22:00:00,180
323,324,S,6,10:00:00,15:00:00,300
324,325,T,2,15:00:00,16:45:00,105
325,326,T,2,17:00:00,18:45:00,105
326,327,T,2,13:00:00,15:50:00,170
327,328,T,2,08:30:00,11:30:00,180
328,329,T,2,13:55:00,15:10:00,75
329,330,F,5,13:55:00,15:10:00,75
330,331,M,1,09:00:00,10:50:00,110
331,332,T,2,09:00:00,10:50:00,110
332,333,F,5,12:45:00,16:45:00,240
333,334,T,2,12:30:00,13:30:00,60
334,335,T,2,13:30:00,16:30:00,180
335,336,M,1,17:00:00,18:00:00,60
336,337,T,2,17:00:00,18:00:00,60
337,338,M,1,18:00:00,21:00:00,180
338,339,F,5,14:00:00,16:00:00,120
339,340,W,3,14:00:00,16:00:00,120
340,341,S,6,14:00:00,16:30:00,150
341,342,M,1,08:00:00,10:30:00,150
342,343,T,2,08:00:00,10:30:00,150
343,344,R,4,16:00:00,16:45:00,45
344,345,T,2,09:30:00,12:00:00,150
345,346,S,6,09:00:00,11:30:00,150
346,347,F,5,09:30:00,12:00:00,150
347,348,W,3,18:30:00,20:30:00,120
348,349,R,4,08:45:00,10:45:00,120
349,350,M,1,08:45:00,10:45:00,120
350,351,T,2,08:45:00,10:45:00,120
351,352,M,1,14:00:00,16:00:00,120
352,353,T,2,14:00:00,16:00:00,120
353,354,T,2,15:30:00,17:30:00,120
354,355,M,1,14:00:00,16:55:00,175
355,356,T,2,14:00:00,16:55:00,175
356,357,M,1,18:00:00,20:30:00,150
357,358,M,1,10:00:00,12:30:00,150
358,359,T,2,10:00:00,12:30:00,150
359,360,M,1,18:30:00,22:15:00,225
360,361,S,6,08:30:00,17:00:00,510
361,362,M,1,08:00:00,12:00:00,240
362,363,M,1,14:00:00,19:00:00,300
363,364,T,2,14:00:00,19:00:00,300
364,365,R,4,15:00:00,20:00:00,300
365,366,R,4,13:00:00,15:00:00,120
366,367,T,2,19:30:00,21:00:00,90
367,368,T,2,17:00:00,18:40:00,100
368,369,T,2,15:15:00,16:55:00,100
369,370,T,2,11:30:00,14:50:00,200
370,371,W,3,08:00:00,11:20:00,200
371,372,W,3,12:30:00,15:50:00,200
372,373,M,1,18:00:00,21:20:00,200
373,374,T,2,18:00:00,21:20:00,200
374,375,F,5,08:00:00,11:20:00,200
375,376,F,5,12:30:00,15:50:00,200
376,377,T,2,13:00:00,14:30:00,90
377,378,F,5,13:00:00,14:30:00,90
378,379,M,1,14:00:00,21:00:00,420
379,380,T,2,14:00:00,21:00:00,420
380,381,S,6,07:00:00,14:00:00,420
381,382,W,3,14:00:00,15:40:00,100
382,383,T,2,07:00:00,12:15:00,315
383,384,F,5,07:00:00,12:15:00,315
384,385,U,0,07:00:00,14:00:00,420
385,386,S,6,07:00:00,17:30:00,630
386,387,M,1,08:00:00,16:30:00,510
387,388,T,2,08:00:00,16:30:00,510
388,389,T,2,08:00:00,15:30:00,450
389,390,F,5,08:00:00,15:30:00,450
390,391,R,4,08:00:00,15:30:00,450
391,392,W,3,16:00:00,16:59:00,59
392,393,T,2,17:00:00,21:00:00,240
393,394,T,2,18:10:00,19:50:00,100
394,395,T,2,20:00:00,21:40:00,100
395,396,W,3,10:30:00,13:30:00,180
396,397,W,3,15:31:00,17:30:00,119
397,398,R,4,12:30:00,15:30:00,180
398,399,T,2,09:30:00,10:40:00,70
399,400,T,2,17:05:00,18:20:00,75
400,401,R,4,17:05:00,18:20:00,75
401,402,T,2,09:00:00,10:59:00,119
402,403,T,2,15:30:00,17:10:00,100
403,404,W,3,17:00:00,18:30:00,90
404,405,T,2,17:00:00,19:00:00,120
405,406,T,2,16:30:00,17:20:00,50
406,407,T,2,17:30:00,18:20:00,50
407,408,M,1,09:30:00,12:00:00,150
408,409,R,4,09:30:00,12:00:00,150
409,410,M,1,09:30:00,12:30:00,180
410,411,T,2,09:30:00,12:30:00,180
411,412,S,6,09:00:00,15:00:00,360
412,413,S,6,09:00:00,13:15:00,255
413,414,W,3,09:30:00,16:30:00,420
414,415,W,3,18:15:00,21:45:00,210
415,416,S,6,09:00:00,12:30:00,210
416,417,S,6,13:30:00,17:00:00,210
417,418,T,2,09:00:00,12:15:00,195
418,419,F,5,09:00:00,12:15:00,195
419,420,T,2,13:45:00,17:00:00,195
420,421,F,5,13:45:00,17:00:00,195
421,422,M,1,09:00:00,12:15:00,195
422,423,R,4,09:00:00,12:15:00,195
423,424,M,1,13:45:00,17:00:00,195
424,425,R,4,13:45:00,17:00:00,195
425,426,M,1,18:45:00,21:55:00,190
426,427,T,2,18:45:00,21:55:00,190
427,428,R,4,18:45:00,21:55:00,190
428,429,M,1,10:30:00,12:30:00,120
429,430,T,2,10:30:00,12:30:00,120
430,431,W,3,10:30:00,12:30:00,120
431,432,R,4,10:30:00,12:30:00,120
432,433,F,5,10:30:00,12:30:00,120
433,434,W,3,09:30:00,12:30:00,180
434,435,R,4,09:30:00,12:30:00,180
435,436,F,5,09:30:00,12:30:00,180
436,437,F,5,08:00:00,16:00:00,480
437,438,M,1,08:00:00,16:00:00,480
438,439,M,1,08:00:00,11:00:00,180
439,440,W,3,08:00:00,11:00:00,180
440,441,R,4,08:00:00,11:00:00,180
441,442,M,1,10:00:00,11:30:00,90
442,443,T,2,10:00:00,11:30:00,90
443,444,W,3,10:00:00,11:30:00,90
444,445,R,4,10:00:00,11:30:00,90
445,446,F,5,10:00:00,11:30:00,90
446,447,M,1,12:30:00,15:30:00,180
447,448,W,3,12:30:00,15:30:00,180
448,449,M,1,10:30:00,12:00:00,90
449,450,T,2,10:30:00,12:00:00,90
450,451,W,3,10:30:00,12:00:00,90
451,452,R,4,10:30:00,12:00:00,90
452,453,F,5,10:30:00,12:00:00,90
453,454,M,1,09:00:00,11:00:00,120
454,455,T,2,09:00:00,11:00:00,120
455,456,W,3,09:00:00,11:00:00,120
456,457,R,4,09:00:00,11:00:00,120
457,458,F,5,09:00:00,11:00:00,120
458,459,T,2,12:30:00,15:30:00,180
459,460,W,3,12:30:00,16:30:00,240
460,461,T,2,16:30:00,20:30:00,240
461,462,R,4,16:30:00,20:30:00,240
462,463,M,1,17:00:00,18:59:00,119
463,464,M,1,09:00:00,16:00:00,420
464,465,T,2,09:00:00,16:00:00,420
465,466,W,3,09:00:00,16:00:00,420
466,467,R,4,09:00:00,16:00:00,420
467,468,T,2,14:30:00,21:00:00,390
468,469,R,4,14:30:00,21:00:00,390
469,470,M,1,16:30:00,20:30:00,240
470,471,W,3,16:30:00,20:30:00,240
471,472,M,1,19:00:00,21:00:00,120
472,473,F,5,09:00:00,17:30:00,510
473,474,S,6,09:00:00,17:30:00,510
474,475,M,1,08:00:00,10:00:00,120
475,476,T,2,08:00:00,10:00:00,120
476,477,W,3,08:00:00,10:00:00,120
477,478,R,4,08:00:00,10:00:00,120
478,479,F,5,08:00:00,10:00:00,120
479,480,M,1,16:00:00,20:00:00,240
480,481,T,2,09:00:00,12:00:00,180
481,482,R,4,09:00:00,12:00:00,180
482,483,W,3,16:00:00,18:00:00,120
483,484,T,2,16:00:00,20:00:00,240
484,485,R,4,16:00:00,20:00:00,240
485,486,T,2,08:00:00,16:00:00,480
486,487,W,3,08:00:00,16:00:00,480
487,488,R,4,08:00:00,16:00:00,480
488,489,T,2,16:30:00,18:00:00,90
489,490,R,4,10:00:00,12:30:00,150
490,491,R,4,13:00:00,15:30:00,150
491,492,T,2,13:00:00,15:30:00,150
492,493,T,2,10:00:00,14:30:00,270
493,494,R,4,10:00:00,14:30:00,270
494,495,F,5,18:00:00,21:30:00,210
495,496,W,3,09:30:00,12:29:00,179
496,497,M,1,09:30:00,12:29:00,179
497,498,M,1,13:00:00,15:00:00,120
498,499,T,2,13:00:00,15:00:00,120
499,500,W,3,13:00:00,15:00:00,120
500,501,F,5,13:00:00,15:00:00,120
501,502,R,4,09:00:00,13:00:00,240
502,503,F,5,09:00:00,13:00:00,240
503,504,W,3,10:00:00,17:00:00,420
504,505,R,4,10:00:00,17:00:00,420
505,506,M,1,10:00:00,17:00:00,420
506,507,T,2,10:00:00,17:00:00,420
507,508,F,5,10:00:00,17:00:00,420
508,509,M,1,09:00:00,17:00:00,480
509,510,T,2,09:00:00,17:00:00,480
510,511,W,3,09:00:00,17:00:00,480
511,512,R,4,09:00:00,17:00:00,480
512,513,T,2,09:00:00,13:00:00,240
513,514,T,2,12:30:00,16:00:00,210
514,515,W,3,12:30:00,16:00:00,210
515,516,M,1,08:30:00,11:30:00,180
516,517,W,3,08:30:00,13:30:00,300
517,518,R,4,08:30:00,13:30:00,300
518,519,F,5,08:30:00,13:30:00,300
519,520,M,1,08:30:00,13:30:00,300
520,521,T,2,08:30:00,13:30:00,300
521,522,M,1,08:30:00,15:30:00,420
522,523,T,2,08:30:00,15:30:00,420
523,524,W,3,08:30:00,15:30:00,420
524,525,R,4,08:30:00,15:30:00,420
525,526,F,5,08:30:00,15:30:00,420
526,527,T,2,09:00:00,15:00:00,360
527,528,F,5,09:00:00,15:00:00,360
528,529,R,4,18:00:00,20:30:00,150
529,530,W,3,17:00:00,20:30:00,210
530,531,R,4,13:00:00,18:00:00,300
531,532,T,2,13:00:00,18:00:00,300
532,533,R,4,15:00:00,18:00:00,180
533,534,R,4,14:00:00,18:00:00,240
534,535,T,2,13:00:00,16:00:00,180
535,536,R,4,13:00:00,16:00:00,180
536,537,W,3,07:00:00,12:00:00,300
537,538,R,4,07:00:00,12:00:00,300
538,539,M,1,16:00:00,18:00:00,120
539,540,M,1,13:00:00,15:30:00,150
540,541,M,1,08:30:00,10:30:00,120
541,542,T,2,08:30:00,10:30:00,120
542,543,W,3,08:30:00,10:30:00,120
543,544,R,4,08:30:00,10:30:00,120
544,545,F,5,08:30:00,10:30:00,120
545,546,M,1,10:40:00,13:45:00,185
546,547,T,2,10:40:00,13:45:00,185
547,548,W,3,10:40:00,13:45:00,185
548,549,R,4,10:40:00,13:45:00,185
549,550,F,5,10:40:00,13:45:00,185
550,551,F,5,10:00:00,14:00:00,240
551,552,M,1,17:00:00,21:00:00,240
552,553,R,4,17:00:00,21:00:00,240
553,554,S,6,08:30:00,17:30:00,540
554,555,U,0,08:30:00,17:30:00,540
555,556,M,1,09:00:00,15:00:00,360
556,557,W,3,09:00:00,15:00:00,360
557,558,R,4,09:00:00,15:00:00,360
558,559,T,2,16:30:00,18:30:00,120
559,560,M,1,15:30:00,17:59:00,149
560,561,M,1,16:30:00,20:00:00,210
561,562,T,2,16:30:00,20:00:00,210
562,563,W,3,16:30:00,20:00:00,210
563,564,R,4,16:30:00,20:00:00,210
564,565,F,5,16:30:00,20:30:00,240
565,566,M,1,10:30:00,14:30:00,240
566,567,W,3,10:30:00,14:30:00,240
567,568,F,5,10:30:00,14:30:00,240
568,569,T,2,16:00:00,20:30:00,270
569,570,R,4,16:00:00,20:30:00,270
570,571,M,1,16:00:00,20:30:00,270
571,572,W,3,16:00:00,20:30:00,270
572,573,S,6,09:00:00,15:30:00,390
573,574,W,3,09:00:00,12:30:00,210
574,575,W,3,10:00:00,13:00:00,180
575,576,F,5,09:00:00,10:50:00,110
576,577,T,2,09:00:00,11:50:00,170
577,578,M,1,09:00:00,11:50:00,170
578,579,W,3,09:00:00,11:50:00,170
579,580,R,4,09:00:00,11:50:00,170
580,581,W,3,08:30:00,15:00:00,390
581,582,R,4,18:00:00,20:00:00,120
582,583,S,6,08:00:00,17:00:00,540
583,584,R,4,16:30:00,18:29:00,119
584,585,U,0,09:00:00,11:30:00,150
585,586,W,3,11:00:00,13:00:00,120
586,587,M,1,14:00:00,15:30:00,90
587,588,M,1,16:00:00,17:30:00,90
588,589,T,2,16:00:00,17:30:00,90
589,590,R,4,19:00:00,21:00:00,120
590,591,T,2,18:50:00,21:00:00,130
591,592,W,3,14:00:00,16:55:00,175
592,593,W,3,11:00:00,12:15:00,75
593,594,M,1,12:00:00,13:15:00,75
594,595,M,1,13:00:00,14:15:00,75
595,596,M,1,15:00:00,16:15:00,75
596,597,T,2,12:00:00,13:15:00,75
597,598,T,2,13:00:00,14:15:00,75
598,599,T,2,15:00:00,16:15:00,75
599,600,W,3,10:00:00,11:15:00,75
600,601,W,3,12:00:00,13:15:00,75
601,602,W,3,13:00:00,14:15:00,75
602,603,W,3,14:00:00,15:15:00,75
603,604,W,3,15:00:00,16:15:00,75
604,605,R,4,12:00:00,13:15:00,75
605,606,R,4,13:00:00,14:15:00,75
606,607,F,5,12:00:00,13:15:00,75
607,608,W,3,15:30:00,17:30:00,120
608,609,T,2,12:30:00,15:00:00,150
609,610,W,3,09:00:00,12:00:00,180
610,611,M,1,11:00:00,13:55:00,175
611,612,F,5,15:00:00,17:30:00,150
612,613,W,3,19:30:00,21:30:00,120
613,614,M,1,19:30:00,21:30:00,120
614,615,W,3,14:00:00,21:00:00,420
615,616,M,1,15:30:00,17:20:00,110
616,617,R,4,15:30:00,17:20:00,110
617,618,M,1,13:00:00,14:50:00,110
618,619,R,4,13:00:00,14:50:00,110
619,620,W,3,15:00:00,16:00:00,60
620,621,W,3,19:40:00,20:40:00,60
621,622,R,4,16:30:00,19:50:00,200
622,623,M,1,15:45:00,16:45:00,60
623,624,R,4,18:00:00,21:00:00,180
624,625,T,2,12:00:00,13:50:00,110
625,626,W,3,11:30:00,13:20:00,110
626,627,W,3,14:00:00,15:50:00,110
627,628,T,2,14:00:00,15:50:00,110
628,629,T,2,16:00:00,17:50:00,110
629,630,R,4,09:00:00,10:40:00,100
630,631,M,1,09:00:00,10:40:00,100
631,632,M,1,17:00:00,19:00:00,120
632,633,W,3,17:00:00,19:00:00,120
633,634,W,3,20:00:00,21:15:00,75
634,635,M,1,20:00:00,21:15:00,75
635,636,M,1,16:00:00,18:25:00,145
636,637,W,3,17:15:00,19:15:00,120
637,638,S,6,09:00:00,12:00:00,180
638,639,R,4,18:00:00,22:00:00,240
639,640,F,5,15:30:00,22:00:00,390
640,641,S,6,10:00:00,16:30:00,390
641,642,W,3,18:00:00,20:00:00,120
642,643,T,2,18:00:00,20:00:00,120
643,644,R,4,08:30:00,11:20:00,170
644,645,T,2,20:00:00,21:15:00,75
645,646,W,3,18:30:00,22:00:00,210
646,647,T,2,18:30:00,22:00:00,210
647,648,M,1,18:30:00,22:00:00,210
648,649,R,4,18:30:00,22:00:00,210
649,650,S,6,09:30:00,16:30:00,420
650,651,T,2,13:30:00,16:20:00,170
651,652,R,4,15:15:00,16:50:00,95
652,653,M,1,15:15:00,16:50:00,95
653,654,T,2,15:15:00,16:50:00,95
654,655,W,3,16:00:00,16:55:00,55
655,656,M,1,13:50:00,15:20:00,90
656,657,T,2,13:50:00,15:20:00,90
657,658,M,1,15:25:00,16:55:00,90
658,659,T,2,15:25:00,16:55:00,90
659,660,W,3,15:25:00,16:55:00,90
660,661,R,4,15:30:00,18:00:00,150
661,662,W,3,09:30:00,12:00:00,150
662,663,F,5,15:30:00,18:00:00,150
663,664,W,3,14:30:00,16:30:00,120
664,665,W,3,19:30:00,21:00:00,90
665,666,T,2,15:20:00,17:00:00,100
666,667,R,4,18:00:00,21:20:00,200
667,668,W,3,14:00:00,20:00:00,360
668,669,T,2,09:20:00,12:20:00,180
669,670,F,5,09:20:00,12:20:00,180
670,671,W,3,07:00:00,12:15:00,315
671,672,T,2,13:50:00,16:50:00,180
672,673,R,4,14:00:00,21:00:00,420
673,674,R,4,18:10:00,19:50:00,100
674,675,R,4,15:31:00,17:30:00,119
675,676,W,3,15:00:00,17:00:00,120
676,677,F,5,15:16:00,17:45:00,149
677,678,T,2,18:45:00,20:00:00,75
678,679,R,4,18:45:00,20:00:00,75
679,680,T,2,12:30:00,14:29:00,119
680,681,T,2,14:30:00,16:29:00,119
681,682,M,1,16:55:00,21:15:00,260
682,683,T,2,16:55:00,21:15:00,260
683,684,W,3,18:30:00,19:20:00,50
684,685,R,4,18:30:00,19:20:00,50
685,686,M,1,18:30:00,19:20:00,50
686,687,T,2,18:30:00,19:20:00,50
687,688,W,3,09:30:00,15:00:00,330
688,689,T,2,18:30:00,19:30:00,60
689,690,W,3,09:00:00,12:15:00,195
690,691,W,3,13:45:00,17:00:00,195
691,692,M,1,08:30:00,11:00:00,150
692,693,W,3,08:30:00,11:00:00,150
693,694,F,5,08:30:00,11:00:00,150
694,695,T,2,08:30:00,11:00:00,150
695,696,R,4,08:30:00,11:00:00,150
696,697,M,1,18:00:00,20:00:00,120
697,698,M,1,13:00:00,21:00:00,480
698,699,W,3,13:00:00,21:00:00,480
699,700,M,1,16:30:00,18:30:00,120
700,701,T,2,08:00:00,12:00:00,240
701,702,W,3,08:00:00,12:00:00,240
702,703,R,4,08:00:00,12:00:00,240
703,704,F,5,08:00:00,12:00:00,240
704,705,T,2,16:00:00,18:00:00,120
705,706,M,1,16:00:00,19:00:00,180
706,707,W,3,16:00:00,19:00:00,180
707,708,W,3,16:30:00,18:00:00,90
708,709,M,1,16:00:00,21:00:00,300
709,710,R,4,16:00:00,21:00:00,300
710,711,T,2,18:00:00,22:00:00,240
711,712,W,3,18:00:00,22:00:00,240
712,713,T,2,11:00:00,13:00:00,120
713,714,R,4,11:00:00,13:00:00,120
714,715,F,5,12:30:00,15:30:00,180
715,716,F,5,09:30:00,12:29:00,179
716,717,W,3,10:00:00,16:00:00,360
717,718,R,4,10:00:00,16:00:00,360
718,719,F,5,10:00:00,16:00:00,360
719,720,M,1,15:00:00,20:00:00,300
720,721,M,1,12:00:00,13:30:00,90
721,722,T,2,09:00:00,16:30:00,450
722,723,W,3,09:00:00,16:30:00,450
723,724,R,4,09:00:00,16:30:00,450
724,725,F,5,09:00:00,16:30:00,450
725,726,M,1,09:00:00,16:30:00,450
726,727,W,3,08:00:00,11:30:00,210
727,728,R,4,08:00:00,11:30:00,210
728,729,F,5,08:00:00,11:30:00,210
729,730,M,1,08:00:00,11:30:00,210
730,731,T,2,08:00:00,11:30:00,210
731,732,W,3,12:00:00,16:00:00,240
732,733,R,4,12:00:00,16:00:00,240
733,734,F,5,12:00:00,16:00:00,240
734,735,M,1,12:00:00,16:00:00,240
735,736,T,2,12:00:00,16:00:00,240
736,737,M,1,09:00:00,12:00:00,180
737,738,M,1,08:30:00,12:00:00,210
738,739,T,2,08:30:00,12:00:00,210
739,740,W,3,08:30:00,12:00:00,210
740,741,R,4,08:30:00,12:00:00,210
741,742,F,5,08:30:00,12:00:00,210
742,743,M,1,08:30:00,12:30:00,240
743,744,F,5,08:30:00,12:30:00,240
744,745,W,3,08:30:00,12:30:00,240
745,746,T,2,08:30:00,12:30:00,240
746,747,R,4,07:00:00,15:00:00,480
747,748,T,2,07:00:00,15:00:00,480
748,749,F,5,07:00:00,15:00:00,480
749,750,R,4,09:30:00,13:30:00,240
750,751,M,1,09:30:00,13:30:00,240
751,752,W,3,13:30:00,23:59:00,629
752,753,F,5,13:30:00,23:59:00,629
753,754,U,0,07:00:00,17:30:00,630
754,755,F,5,07:00:00,17:30:00,630
755,756,T,2,13:30:00,23:59:00,629
756,757,T,2,07:00:00,17:30:00,630
757,758,M,1,12:00:00,17:00:00,300
758,759,S,6,08:00:00,14:00:00,360
759,760,R,4,17:00:00,19:00:00,120
760,761,S,6,08:00:00,16:00:00,480
761,762,M,1,16:30:00,21:30:00,300
762,763,W,3,09:00:00,13:00:00,240
763,764,M,1,09:00:00,13:00:00,240
764,765,S,6,08:00:00,13:00:00,300
765,766,R,4,08:30:00,11:30:00,180
766,767,W,3,08:30:00,11:30:00,180
767,768,M,1,16:30:00,21:00:00,270
768,769,T,2,16:30:00,21:00:00,270
769,770,W,3,16:30:00,21:00:00,270
770,771,R,4,16:30:00,21:00:00,270
771,772,M,1,16:30:00,20:15:00,225
772,773,W,3,16:30:00,20:15:00,225
773,774,T,2,16:30:00,20:50:00,260
774,775,R,4,16:30:00,20:50:00,260
775,776,S,6,09:00:00,14:00:00,300
776,777,F,5,13:00:00,16:00:00,180
777,778,W,3,13:00:00,16:00:00,180
778,779,T,2,13:55:00,16:55:00,180
779,780,R,4,13:55:00,16:55:00,180
780,781,F,5,09:30:00,14:30:00,300
781,782,T,2,09:30:00,12:20:00,170
782,783,M,1,09:30:00,12:20:00,170
783,784,W,3,13:00:00,16:55:00,235
784,785,W,3,14:00:00,18:00:00,240
785,786,F,5,14:00:00,15:00:00,60
786,787,R,4,16:00:00,18:30:00,150
787,788,W,3,14:30:00,15:30:00,60
788,789,W,3,16:00:00,17:30:00,90
789,790,T,2,15:30:00,18:00:00,150
790,791,W,3,10:00:00,12:00:00,120
791,792,T,2,13:30:00,15:30:00,120
792,793,F,5,16:00:00,16:50:00,50
793,794,M,1,13:55:00,16:55:00,180
794,795,F,5,15:30:00,18:15:00,165
795,796,T,2,16:15:00,18:15:00,120
796,797,W,3,15:00:00,16:40:00,100
797,798,W,3,12:00:00,13:50:00,110
798,799,W,3,06:30:00,13:30:00,420
799,800,T,2,06:30:00,13:30:00,420
800,801,R,4,17:30:00,21:00:00,210
801,802,R,4,17:00:00,18:40:00,100
802,803,R,4,18:50:00,19:50:00,60
803,804,T,2,09:30:00,12:50:00,200
804,805,R,4,17:00:00,18:00:00,60
805,806,T,2,14:00:00,15:59:00,119
806,807,T,2,16:00:00,17:59:00,119
807,808,F,5,11:00:00,13:30:00,150
808,809,S,6,09:30:00,12:30:00,180
809,810,S,6,14:00:00,17:00:00,180
810,811,R,4,07:45:00,10:45:00,180
811,812,F,5,18:00:00,22:00:00,240
812,813,M,1,18:00:00,22:00:00,240
813,814,T,2,16:30:00,19:30:00,180
814,815,W,3,16:30:00,19:30:00,180
815,816,R,4,16:30:00,19:30:00,180
816,817,M,1,16:30:00,19:30:00,180
817,818,S,6,10:00:00,18:00:00,480
818,819,M,1,14:00:00,22:00:00,480
819,820,W,3,14:00:00,22:00:00,480
820,821,S,6,09:30:00,18:00:00,510
821,822,W,3,09:30:00,17:30:00,480
822,823,R,4,14:00:00,20:00:00,360
823,824,R,4,12:30:00,14:45:00,135
824,825,M,1,12:30:00,14:45:00,135
825,826,T,2,12:30:00,14:45:00,135
826,827,M,1,11:00:00,13:50:00,170
827,828,T,2,11:00:00,13:50:00,170
828,829,R,4,13:00:00,16:50:00,230
829,830,R,4,14:00:00,15:00:00,60
830,831,M,1,14:00:00,15:00:00,60
831,832,T,2,14:00:00,15:00:00,60
832,833,R,4,15:00:00,16:50:00,110
833,834,M,1,15:00:00,16:50:00,110
834,835,T,2,15:00:00,16:50:00,110
835,836,R,4,16:55:00,21:00:00,245
836,837,F,5,12:30:00,14:30:00,120
837,838,M,1,18:30:00,20:00:00,90
838,839,T,2,18:30:00,20:00:00,90
839,840,W,3,09:30:00,10:55:00,85
840,841,W,3,14:30:00,16:00:00,90
841,842,R,4,16:00:00,17:00:00,60
842,843,W,3,15:00:00,17:30:00,150
843,844,R,4,14:00:00,16:55:00,175
844,845,W,3,16:00:00,18:25:00,145
845,846,S,6,12:00:00,15:00:00,180
846,847,T,2,12:00:00,14:00:00,120
847,848,T,2,15:00:00,20:00:00,300
848,849,W,3,12:30:00,14:30:00,120
849,850,F,5,13:50:00,15:20:00,90
850,851,M,1,07:00:00,15:00:00,480
851,852,M,1,08:00:00,15:30:00,450
852,853,M,1,15:00:00,16:00:00,60
853,854,W,3,10:45:00,13:45:00,180
854,855,W,3,17:30:00,18:30:00,60
855,856,S,6,13:30:00,17:30:00,240
856,857,T,2,10:00:00,12:00:00,120
857,858,W,3,11:30:00,13:30:00,120
858,859,F,5,17:00:00,19:30:00,150
859,860,S,6,12:00:00,16:00:00,240
860,861,W,3,08:00:00,14:00:00,360
861,862,W,3,15:00:00,18:00:00,180
862,863,S,6,13:00:00,16:30:00,210
863,864,R,4,12:30:00,16:00:00,210
864,865,F,5,12:30:00,16:00:00,210
865,866,M,1,08:30:00,17:00:00,510
866,867,W,3,08:30:00,17:00:00,510
867,868,R,4,08:30:00,17:00:00,510
868,869,F,5,08:30:00,17:00:00,510
869,870,M,1,07:45:00,10:15:00,150
870,871,W,3,07:45:00,10:15:00,150
871,872,F,5,07:45:00,10:15:00,150
872,873,R,4,08:00:00,10:30:00,150
873,874,M,1,13:00:00,16:00:00,180
874,875,T,2,16:55:00,20:00:00,185
875,876,T,2,16:00:00,19:00:00,180
876,877,M,1,16:55:00,19:55:00,180
877,878,W,3,12:00:00,15:00:00,180
878,879,M,1,09:00:00,15:30:00,390
879,880,T,2,09:00:00,15:30:00,390
880,881,W,3,09:00:00,15:30:00,390
881,882,R,4,09:00:00,15:30:00,390
882,883,F,5,09:00:00,15:30:00,390
883,884,R,4,15:00:00,17:00:00,120
884,885,F,5,12:00:00,16:30:00,270
885,886,R,4,08:30:00,15:00:00,390
886,887,F,5,08:30:00,15:00:00,390
887,888,M,1,08:30:00,15:00:00,390
888,889,T,2,08:30:00,15:00:00,390
889,890,M,1,07:00:00,12:00:00,300
890,891,F,5,07:00:00,11:00:00,240
891,892,T,2,07:00:00,12:00:00,300
892,893,R,4,07:00:00,11:00:00,240
893,894,F,5,07:00:00,10:00:00,180
894,895,R,4,07:00:00,10:00:00,180
895,896,M,1,07:00:00,11:00:00,240
896,897,T,2,07:00:00,11:00:00,240
897,898,W,3,07:00:00,17:00:00,600
898,899,R,4,07:00:00,17:00:00,600
899,900,M,1,07:00:00,17:00:00,600
900,901,T,2,07:00:00,17:00:00,600
901,902,F,5,09:00:00,12:00:00,180
902,903,T,2,09:30:00,13:30:00,240
903,904,W,3,07:00:00,15:00:00,480
904,905,W,3,15:30:00,16:30:00,60
905,906,U,0,09:00:00,17:30:00,510
906,907,M,1,16:45:00,20:45:00,240
907,908,T,2,16:45:00,20:45:00,240
908,909,W,3,16:45:00,20:45:00,240
909,910,R,4,16:45:00,20:45:00,240
910,911,W,3,16:55:00,20:15:00,200
911,912,M,1,16:55:00,20:15:00,200
912,913,M,1,16:55:00,20:30:00,215
913,914,T,2,16:55:00,20:30:00,215
914,915,W,3,16:55:00,20:30:00,215
915,916,R,4,16:55:00,20:30:00,215
916,917,R,4,16:55:00,20:15:00,200
917,918,T,2,16:55:00,20:15:00,200
918,919,R,4,08:00:00,16:30:00,510
919,920,T,2,12:00:00,16:30:00,270
920,921,W,3,16:00:00,19:30:00,210
921,922,W,3,12:15:00,15:15:00,180
922,923,W,3,15:30:00,18:30:00,180
923,924,R,4,09:20:00,12:20:00,180
924,925,R,4,14:30:00,17:30:00,180
925,926,S,6,10:00:00,14:00:00,240
926,927,M,1,17:30:00,20:20:00,170
927,928,W,3,09:15:00,12:00:00,165
928,929,W,3,08:00:00,13:00:00,300
929,930,R,4,15:20:00,16:50:00,90
930,931,S,6,18:30:00,21:30:00,180
931,932,W,3,08:00:00,09:15:00,75
932,933,W,3,16:15:00,18:15:00,120
933,934,T,2,14:45:00,16:45:00,120
934,935,R,4,19:30:00,21:00:00,90
935,936,F,5,08:30:00,09:00:00,30
936,937,W,3,15:30:00,17:10:00,100
937,938,T,2,15:00:00,16:00:00,60
938,939,T,2,11:00:00,16:00:00,300
939,940,T,2,09:00:00,10:55:00,115
940,941,T,2,15:30:00,17:25:00,115
941,942,R,4,16:55:00,21:15:00,260
942,943,W,3,16:55:00,19:15:00,140
943,944,W,3,19:30:00,22:00:00,150
944,945,M,1,07:50:00,10:50:00,180
945,946,M,1,12:20:00,15:20:00,180
946,947,F,5,13:55:00,16:55:00,180
947,948,T,2,07:55:00,10:55:00,180
948,949,F,5,07:55:00,10:55:00,180
949,950,W,3,15:00:00,21:00:00,360
950,951,W,3,13:00:00,22:00:00,540
951,952,W,3,07:55:00,13:55:00,360
952,953,R,4,07:55:00,11:55:00,240
953,954,W,3,07:55:00,16:55:00,540
954,955,R,4,20:00:00,21:15:00,75
955,956,F,5,12:30:00,14:45:00,135
956,957,T,2,17:30:00,20:20:00,170
957,958,M,1,13:00:00,16:50:00,230
958,959,T,2,13:00:00,16:50:00,230
959,960,M,1,17:00:00,20:50:00,230
960,961,T,2,17:00:00,20:50:00,230
961,962,W,3,13:00:00,16:50:00,230
962,963,W,3,13:50:00,16:50:00,180
963,964,T,2,13:20:00,16:20:00,180
964,965,T,2,08:30:00,14:00:00,330
965,966,W,3,08:30:00,14:00:00,330
966,967,W,3,14:05:00,21:05:00,420
967,968,F,5,08:30:00,14:00:00,330
968,969,S,6,08:30:00,14:00:00,330
969,970,T,2,12:00:00,19:00:00,420
970,971,M,1,15:00:00,22:00:00,420
971,972,T,2,15:00:00,22:00:00,420
972,973,M,1,17:00:00,20:30:00,210
973,974,R,4,15:00:00,16:00:00,60
974,975,U,0,13:30:00,17:30:00,240
975,976,R,4,19:15:00,21:45:00,150
976,977,T,2,16:30:00,17:30:00,60
977,978,S,6,08:30:00,15:30:00,420
978,979,U,0,09:00:00,13:00:00,240
979,980,W,3,19:00:00,21:00:00,120
980,981,S,6,08:30:00,11:30:00,180
981,982,W,3,18:30:00,22:30:00,240
982,983,S,6,08:00:00,10:30:00,150
983,984,S,6,11:00:00,13:30:00,150
984,985,W,3,07:45:00,10:45:00,180
985,986,T,2,07:45:00,10:45:00,180
986,987,R,4,11:00:00,14:00:00,180
987,988,W,3,11:00:00,14:00:00,180
988,989,T,2,12:00:00,15:00:00,180
989,990,R,4,12:00:00,15:00:00,180
990,991,R,4,16:00:00,19:00:00,180
991,992,M,1,17:30:00,20:00:00,150
992,993,T,2,08:00:00,10:50:00,170
993,994,R,4,08:00:00,10:50:00,170
994,995,M,1,16:30:00,19:00:00,150
995,996,W,3,12:35:00,15:35:00,180
996,997,F,5,12:35:00,15:35:00,180
997,998,M,1,12:35:00,15:35:00,180
998,999,M,1,08:30:00,16:45:00,495
999,1000,T,2,08:30:00,16:45:00,495
1000,1001,W,3,08:30:00,16:45:00,495
1001,1002,R,4,08:30:00,16:45:00,495
1002,1003,T,2,10:00:00,16:30:00,390
1003,1004,W,3,10:00:00,16:30:00,390
1004,1005,R,4,10:00:00,16:30:00,390
1005,1006,M,1,10:30:00,17:30:00,420
1006,1007,T,2,10:30:00,17:30:00,420
1007,1008,W,3,10:30:00,17:30:00,420
1008,1009,M,1,09:00:00,12:30:00,210
1009,1010,T,2,09:00:00,12:30:00,210
1010,1011,R,4,09:00:00,12:30:00,210
1011,1012,F,5,09:00:00,12:30:00,210
1012,1013,M,1,13:30:00,17:00:00,210
1013,1014,T,2,13:30:00,17:00:00,210
1014,1015,W,3,13:30:00,17:00:00,210
1015,1016,R,4,13:30:00,17:00:00,210
1016,1017,F,5,13:30:00,17:00:00,210
1017,1018,M,1,08:00:00,13:00:00,300
1018,1019,T,2,08:00:00,13:00:00,300
1019,1020,R,4,08:00:00,13:00:00,300
1020,1021,W,3,07:00:00,11:00:00,240
1021,1022,M,1,07:00:00,16:00:00,540
1022,1023,W,3,07:00:00,16:00:00,540
1023,1024,W,3,07:00:00,17:30:00,630
1024,1025,U,0,07:00:00,19:00:00,720
1025,1026,T,2,08:00:00,14:00:00,360
1026,1027,R,4,08:00:00,14:00:00,360
1027,1028,F,5,08:00:00,08:30:00,30
1028,1029,F,5,13:00:00,14:00:00,60
1029,1030,W,3,09:00:00,14:00:00,300
1030,1031,W,3,16:55:00,21:00:00,245
1031,1032,F,5,16:00:00,20:00:00,240
1032,1033,T,2,16:45:00,20:30:00,225
1033,1034,R,4,16:45:00,20:30:00,225
1034,1035,T,2,16:30:00,20:15:00,225
1035,1036,R,4,16:30:00,20:15:00,225
1036,1037,T,2,15:00:00,19:00:00,240
1037,1038,F,5,15:00:00,19:00:00,240
1038,1039,R,4,14:30:00,18:30:00,240
1039,1040,T,2,12:00:00,18:00:00,360
1040,1041,R,4,15:00:00,19:00:00,240
1041,1042,W,3,17:30:00,21:30:00,240
1042,1043,W,3,14:30:00,17:30:00,180
1043,1044,T,2,14:30:00,17:30:00,180
1044,1045,F,5,17:00:00,19:50:00,170
1045,1046,T,2,12:30:00,16:20:00,230
1046,1047,T,2,11:30:00,13:30:00,120
1047,1048,F,5,15:30:00,21:00:00,330
1048,1049,F,5,14:00:00,21:00:00,420
1049,1050,U,0,08:30:00,14:00:00,330
1050,1051,R,4,08:30:00,14:00:00,330
1051,1052,W,3,17:30:00,19:10:00,100
1052,1053,T,2,11:00:00,14:00:00,180
1053,1054,W,3,09:00:00,12:50:00,230
1054,1055,M,1,15:30:00,16:30:00,60
1055,1056,W,3,13:30:00,16:00:00,150
1056,1057,W,3,09:00:00,10:55:00,115
1057,1058,W,3,16:30:00,18:25:00,115
1058,1059,W,3,11:30:00,13:25:00,115
1059,1060,W,3,14:00:00,15:55:00,115
1060,1061,F,5,18:30:00,22:00:00,210
1061,1062,M,1,13:50:00,16:50:00,180
1062,1063,R,4,13:50:00,16:50:00,180
1063,1064,R,4,18:30:00,22:30:00,240
1064,1065,S,6,08:00:00,12:00:00,240
1065,1066,F,5,13:00:00,17:00:00,240
1066,1067,S,6,13:00:00,17:00:00,240
1067,1068,R,4,14:00:00,15:55:00,115
1068,1069,R,4,16:00:00,17:55:00,115
1069,1070,M,1,09:30:00,11:30:00,120
1070,1071,U,0,08:00:00,16:00:00,480
1071,1072,T,2,12:00:00,13:30:00,90
1072,1073,W,3,12:00:00,13:30:00,90
1073,1074,F,5,11:00:00,13:00:00,120
1074,1075,F,5,15:00:00,22:00:00,420
1075,1076,F,5,15:00:00,20:30:00,330
1076,1077,W,3,14:30:00,21:30:00,420
1077,1078,W,3,14:30:00,20:00:00,330
1078,1079,U,0,13:00:00,14:30:00,90
1079,1080,T,2,15:30:00,16:30:00,60
1080,1081,W,3,13:00:00,15:30:00,150
1081,1082,U,0,10:00:00,14:00:00,240
1082,1083,W,3,09:00:00,10:59:00,119
1083,1084,W,3,16:30:00,18:30:00,120
1084,1085,R,4,16:30:00,18:30:00,120
1085,1086,W,3,20:00:00,20:50:00,50
1086,1087,R,4,20:00:00,20:50:00,50
1087,1088,M,1,20:00:00,20:50:00,50
1088,1089,T,2,20:00:00,20:50:00,50
1089,1090,F,5,13:50:00,16:50:00,180
1090,1091,R,4,11:30:00,14:30:00,180
1091,1092,T,2,11:30:00,14:30:00,180
1092,1093,F,5,11:30:00,14:30:00,180
1093,1094,W,3,11:30:00,14:30:00,180
1094,1095,T,2,15:00:00,18:00:00,180
1095,1096,F,5,15:00:00,18:00:00,180
1096,1097,S,6,08:00:00,11:30:00,210
1097,1098,M,1,11:30:00,14:30:00,180
1098,1099,M,1,15:00:00,18:00:00,180
1099,1100,T,2,10:05:00,12:55:00,170
1100,1101,R,4,10:05:00,12:55:00,170
1101,1102,T,2,10:30:00,13:30:00,180
1102,1103,R,4,10:30:00,13:30:00,180
1103,1104,T,2,11:30:00,15:30:00,240
1104,1105,W,3,11:30:00,15:30:00,240
1105,1106,R,4,11:30:00,15:30:00,240
1106,1107,T,2,11:00:00,19:00:00,480
1107,1108,R,4,11:00:00,19:00:00,480
1108,1109,R,4,10:30:00,17:30:00,420
1109,1110,F,5,10:30:00,17:30:00,420
1110,1111,M,1,18:30:00,20:45:00,135
1111,1112,T,2,18:30:00,20:45:00,135
1112,1113,W,3,18:30:00,20:45:00,135
1113,1114,R,4,18:30:00,20:45:00,135
1114,1115,T,2,18:45:00,20:45:00,120
1115,1116,W,3,18:45:00,20:45:00,120
1116,1117,R,4,18:45:00,20:45:00,120
1117,1118,M,1,18:45:00,20:45:00,120
1118,1119,F,5,18:45:00,20:45:00,120
1119,1120,S,6,08:00:00,12:30:00,270
1120,1121,M,1,18:00:00,21:45:00,225
1121,1122,W,3,18:00:00,21:45:00,225
1122,1123,T,2,18:00:00,21:45:00,225
1123,1124,S,6,09:30:00,13:30:00,240
1124,1125,M,1,10:00:00,14:30:00,270
1125,1126,W,3,10:00:00,14:30:00,270
1126,1127,T,2,16:45:00,19:30:00,165
1127,1128,R,4,16:45:00,19:30:00,165
1128,1129,M,1,13:30:00,15:00:00,90
1129,1130,T,2,07:00:00,16:30:00,570
1130,1131,R,4,07:00:00,16:30:00,570
1131,1132,S,6,07:00:00,16:30:00,570
1132,1133,F,5,08:00:00,20:00:00,720
1133,1134,M,1,16:00:00,17:55:00,115
1134,1135,F,5,08:30:00,16:00:00,450
1135,1136,S,6,08:30:00,16:00:00,450
1136,1137,T,2,19:00:00,20:30:00,90
1137,1138,W,3,09:00:00,13:55:00,295
1138,1139,M,1,14:30:00,17:30:00,180
1139,1140,W,3,10:50:00,16:50:00,360
1140,1141,W,3,09:30:00,12:20:00,170
1141,1142,W,3,17:00:00,20:50:00,230
1142,1143,U,0,08:00:00,16:30:00,510
1143,1144,W,3,12:30:00,15:25:00,175
1144,1145,W,3,16:30:00,18:29:00,119
1145,1146,R,4,17:00:00,21:15:00,255
1146,1147,F,5,13:00:00,14:55:00,115
1147,1148,S,6,13:00:00,14:55:00,115
1148,1149,F,5,11:00:00,12:55:00,115
1149,1150,S,6,11:00:00,12:55:00,115
1150,1151,F,5,15:00:00,17:00:00,120
1151,1152,S,6,15:00:00,17:00:00,120
1152,1153,F,5,10:50:00,13:50:00,180
1153,1154,R,4,17:30:00,21:30:00,240
1154,1155,T,2,17:30:00,21:30:00,240
1155,1156,U,0,09:00:00,12:00:00,180
1156,1157,R,4,07:50:00,10:50:00,180
1157,1158,W,3,07:50:00,13:50:00,360
1158,1159,W,3,12:50:00,15:50:00,180
1159,1160,R,4,16:00:00,18:00:00,120
1160,1161,M,1,12:30:00,15:00:00,150
1161,1162,R,4,12:30:00,15:00:00,150
1162,1163,S,6,10:00:00,17:00:00,420
1163,1164,R,4,19:30:00,21:30:00,120
1164,1165,T,2,19:30:00,21:30:00,120
1165,1166,T,2,18:00:00,19:30:00,90
1166,1167,T,2,15:25:00,16:50:00,85
1167,1168,T,2,17:00:00,18:25:00,85
1168,1169,R,4,08:00:00,11:20:00,200
1169,1170,R,4,15:00:00,22:00:00,420
1170,1171,T,2,10:30:00,12:29:00,119
1171,1172,R,4,09:10:00,10:50:00,100
1172,1173,M,1,09:10:00,10:50:00,100
1173,1174,T,2,17:00:00,19:45:00,165
1174,1175,F,5,09:00:00,10:55:00,115
1175,1176,S,6,09:00:00,10:55:00,115
1176,1177,M,1,13:30:00,18:30:00,300
1177,1178,T,2,07:50:00,10:50:00,180
1178,1179,F,5,07:50:00,10:50:00,180
1179,1180,M,1,08:45:00,11:00:00,135
1180,1181,T,2,08:45:00,11:00:00,135
1181,1182,W,3,08:45:00,11:00:00,135
1182,1183,R,4,08:45:00,11:00:00,135
1183,1184,F,5,08:45:00,11:00:00,135
1184,1185,M,1,09:00:00,10:30:00,90
1185,1186,T,2,09:00:00,10:30:00,90
1186,1187,W,3,09:00:00,10:30:00,90
1187,1188,R,4,09:00:00,10:30:00,90
1188,1189,F,5,09:00:00,10:30:00,90
1189,1190,M,1,13:00:00,14:30:00,90
1190,1191,W,3,13:00:00,14:30:00,90
1191,1192,R,4,13:00:00,14:30:00,90
1192,1193,W,3,13:15:00,16:15:00,180
1193,1194,M,1,13:15:00,16:15:00,180
1194,1195,W,3,10:00:00,15:00:00,300
1195,1196,R,4,10:00:00,15:00:00,300
1196,1197,F,5,10:00:00,15:00:00,300
1197,1198,T,2,10:00:00,15:00:00,300
1198,1199,M,1,10:00:00,15:00:00,300
1199,1200,F,5,18:00:00,20:00:00,120
1200,1201,R,4,10:00:00,12:00:00,120
1201,1202,M,1,18:10:00,21:10:00,180
1202,1203,T,2,18:10:00,21:10:00,180
1203,1204,R,4,18:10:00,21:10:00,180
1204,1205,S,6,08:00:00,10:00:00,120
1205,1206,U,0,08:00:00,10:00:00,120
1206,1207,M,1,10:00:00,11:00:00,60
1207,1208,T,2,10:00:00,11:00:00,60
1208,1209,W,3,10:00:00,11:00:00,60
1209,1210,R,4,10:00:00,11:00:00,60
1210,1211,R,4,19:00:00,20:00:00,60
1211,1212,T,2,20:00:00,21:00:00,60
1212,1213,W,3,20:00:00,21:00:00,60
1213,1214,R,4,20:00:00,21:00:00,60
1214,1215,M,1,19:00:00,20:00:00,60
1215,1216,R,4,11:00:00,12:00:00,60
1216,1217,R,4,14:00:00,19:00:00,300
1217,1218,F,5,07:00:00,16:00:00,540
1218,1219,T,2,07:00:00,16:00:00,540
1219,1220,R,4,07:00:00,16:00:00,540
1220,1221,R,4,07:00:00,13:00:00,360
1221,1222,T,2,08:30:00,14:30:00,360
1222,1223,F,5,18:30:00,19:45:00,75
1223,1224,T,2,12:25:00,15:25:00,180
1224,1225,F,5,14:00:00,16:50:00,170
1225,1226,T,2,19:00:00,19:50:00,50
1226,1227,W,3,19:00:00,19:50:00,50
1227,1228,F,5,13:00:00,16:50:00,230
1228,1229,F,5,17:00:00,20:50:00,230
1229,1230,W,3,11:00:00,12:10:00,70
1230,1231,W,3,12:15:00,13:25:00,70
1231,1232,W,3,09:30:00,10:40:00,70
1232,1233,F,5,16:55:00,18:55:00,120
1233,1234,T,2,19:55:00,21:55:00,120
1234,1235,F,5,19:15:00,21:15:00,120
1235,1236,M,1,19:30:00,20:30:00,60
1236,1237,F,5,19:30:00,20:30:00,60
1237,1238,T,2,14:00:00,15:55:00,115
1238,1239,T,2,16:00:00,17:55:00,115
1239,1240,F,5,17:00:00,19:00:00,120
1240,1241,F,5,14:00:00,19:00:00,300
1241,1242,F,5,12:00:00,13:30:00,90
1242,1243,M,1,10:00:00,11:55:00,115
1243,1244,T,2,15:00:00,16:55:00,115
1244,1245,T,2,13:00:00,14:55:00,115
1245,1246,F,5,07:00:00,17:00:00,600
1246,1247,F,5,12:30:00,15:00:00,150
1247,1248,T,2,16:00:00,21:00:00,300
1248,1249,F,5,08:00:00,09:50:00,110
1249,1250,F,5,10:00:00,11:50:00,110
1250,1251,F,5,13:00:00,14:50:00,110
1251,1252,F,5,15:30:00,17:20:00,110
1252,1253,F,5,18:00:00,19:50:00,110
1253,1254,S,6,07:00:00,17:00:00,600
1254,1255,S,6,07:00:00,19:00:00,720
1255,1256,F,5,07:00:00,19:00:00,720
1256,1257,T,2,07:00:00,19:00:00,720
1257,1258,W,3,07:00:00,19:00:00,720
1258,1259,M,1,17:00:00,18:10:00,70
1259,1260,F,5,17:00:00,18:10:00,70
1260,1261,T,2,09:00:00,10:45:00,105
1261,1262,F,5,09:00:00,10:45:00,105
1262,1263,R,4,09:00:00,10:45:00,105
1263,1264,M,1,09:00:00,10:45:00,105
1264,1265,R,4,15:30:00,17:15:00,105
1265,1266,M,1,15:30:00,17:15:00,105
1266,1267,F,5,15:30:00,17:15:00,105
1267,1268,F,5,18:30:00,19:20:00,50
1268,1269,M,1,14:30:00,16:30:00,120
1269,1270,F,5,10:25:00,12:25:00,120
1270,1271,R,4,19:00:00,19:50:00,50
1271,1272,T,2,11:00:00,13:15:00,135
1272,1273,F,5,11:00:00,13:15:00,135
1273,1274,W,3,12:00:00,15:50:00,230
1274,1275,R,4,16:15:00,18:15:00,120
1275,1276,T,2,18:00:00,19:29:00,89
1276,1277,R,4,18:00:00,19:29:00,89
1277,1278,T,2,16:40:00,18:20:00,100
1278,1279,T,2,15:00:00,16:40:00,100
1279,1280,W,3,18:00:00,21:20:00,200
1280,1281,W,3,09:30:00,13:30:00,240
1281,1282,F,5,08:00:00,14:00:00,360
1282,1283,F,5,14:00:00,18:00:00,240
1283,1284,F,5,09:30:00,13:30:00,240
1284,1285,U,0,07:00:00,17:00:00,600
1285,1286,R,4,07:00:00,19:00:00,720
1286,1287,M,1,07:00:00,19:00:00,720
1287,1288,M,1,12:00:00,22:00:00,600
1288,1289,U,0,08:00:00,17:00:00,540
1289,1290,R,4,12:30:00,15:29:00,179
1290,1291,T,2,17:00:00,18:55:00,115
1291,1292,M,1,19:00:00,20:30:00,90
1292,1293,S,6,08:00:00,11:00:00,180
1293,1294,F,5,08:30:00,11:30:00,180
1294,1295,F,5,12:00:00,15:00:00,180
1295,1296,M,1,12:00:00,15:00:00,180
1296,1297,T,2,15:30:00,18:30:00,180
1297,1298,F,5,15:30:00,18:30:00,180
1298,1299,R,4,15:30:00,18:30:00,180
1299,1300,M,1,15:30:00,18:30:00,180
1300,1301,F,5,15:30:00,17:30:00,120
1301,1302,R,4,12:00:00,13:00:00,60
1302,1303,M,1,16:00:00,17:00:00,60
1303,1304,T,2,16:00:00,17:00:00,60
1304,1305,W,3,16:00:00,17:00:00,60
1305,1306,F,5,16:00:00,17:00:00,60
1306,1307,R,4,08:30:00,12:30:00,240
1307,1308,M,1,11:05:00,12:30:00,85
1308,1309,S,6,09:00:00,10:30:00,90
1309,1310,F,5,08:00:00,13:00:00,300
1310,1311,S,6,11:30:00,14:30:00,180
1311,1312,S,6,15:00:00,18:00:00,180
1312,1313,W,3,13:30:00,16:30:00,180
1313,1314,F,5,14:00:00,15:30:00,90
1314,1315,W,3,12:30:00,13:45:00,75
1315,1316,R,4,09:30:00,11:30:00,120
1316,1317,W,3,16:45:00,18:00:00,75
1317,1318,W,3,13:00:00,14:55:00,115
1318,1319,T,2,18:00:00,19:25:00,85
1319,1320,T,2,19:30:00,21:25:00,115
1320,1321,M,1,10:00:00,14:00:00,240
1321,1322,M,1,18:30:00,20:10:00,100
1322,1323,M,1,16:00:00,19:30:00,210
1323,1324,T,2,16:00:00,16:55:00,55
1324,1325,M,1,16:00:00,16:55:00,55
1325,1326,M,1,12:00:00,13:55:00,115
1326,1327,M,1,14:00:00,15:55:00,115
1327,1328,R,4,15:00:00,16:55:00,115
1328,1329,R,4,17:00:00,18:55:00,115
1329,1330,W,3,12:00:00,13:55:00,115
1330,1331,F,5,07:45:00,10:45:00,180
1331,1332,M,1,09:00:00,11:30:00,150
1332,1333,T,2,09:00:00,11:30:00,150
1333,1334,W,3,09:00:00,11:30:00,150
1334,1335,R,4,09:00:00,11:30:00,150
1335,1336,F,5,09:00:00,11:30:00,150
1336,1337,R,4,10:00:00,13:00:00,180
1337,1338,W,3,13:00:00,16:15:00,195
1338,1339,U,0,09:00:00,17:00:00,480
1339,1340,R,4,18:00:00,19:25:00,85
1340,1341,R,4,19:30:00,21:25:00,115
1341,1342,T,2,18:30:00,20:10:00,100
1342,1343,R,4,18:10:00,19:40:00,90
1343,1344,R,4,09:00:00,10:55:00,115
1344,1345,R,4,10:00:00,11:55:00,115
1345,1346,R,4,12:00:00,13:55:00,115
1346,1347,F,5,15:30:00,17:10:00,100
1347,1348,T,2,09:05:00,10:45:00,100
1348,1349,F,5,09:05:00,10:45:00,100
1349,1350,R,4,17:30:00,20:30:00,180
1350,1351,M,1,13:30:00,16:30:00,180
1351,1352,F,5,09:00:00,14:00:00,300
1352,1353,T,2,19:00:00,22:00:00,180
1353,1354,W,3,19:00:00,22:00:00,180
1354,1355,M,1,12:00:00,20:00:00,480
1355,1356,T,2,12:00:00,20:00:00,480
1356,1357,W,3,12:00:00,20:00:00,480
1357,1358,R,4,12:00:00,20:00:00,480
1358,1359,F,5,12:00:00,20:00:00,480
1359,1360,T,2,18:00:00,21:15:00,195
1360,1361,R,4,18:00:00,21:15:00,195
1361,1362,T,2,09:30:00,11:30:00,120
1362,1363,F,5,09:30:00,11:30:00,120
1363,1364,W,3,07:50:00,10:50:00,180
1364,1365,W,3,10:55:00,13:55:00,180
1365,1366,T,2,14:00:00,14:30:00,30
1366,1367,T,2,17:00:00,17:30:00,30
1367,1368,T,2,17:30:00,18:00:00,30
1368,1369,T,2,12:30:00,13:00:00,30
1369,1370,T,2,13:00:00,13:30:00,30
1370,1371,T,2,13:30:00,14:00:00,30
1371,1372,W,3,10:00:00,10:30:00,30
1372,1373,W,3,10:30:00,11:00:00,30
1373,1374,W,3,11:00:00,11:30:00,30
1374,1375,W,3,11:30:00,12:00:00,30
1375,1376,W,3,13:00:00,13:30:00,30
1376,1377,W,3,13:30:00,14:00:00,30
1377,1378,W,3,14:00:00,14:30:00,30
1378,1379,W,3,14:30:00,15:00:00,30
1379,1380,W,3,13:45:00,16:15:00,150
1380,1381,W,3,12:00:00,14:00:00,120
1381,1382,R,4,16:00:00,17:15:00,75
1382,1383,M,1,16:00:00,17:15:00,75
1383,1384,F,5,15:00:00,16:00:00,60
1384,1385,R,4,11:00:00,12:55:00,115
1385,1386,W,3,17:30:00,19:00:00,90
